{"ROC AUC": 0.7561994609164421, "F1 Score": 0.7983232417326502, "P4 Score": 0.728629579375848, "Confusion Matrix": [621, 121, 86, 179]}