{"ROC AUC": 0.7795148247978436, "F1 Score": 0.804805197922053, "P4 Score": 0.7449350194722794, "Confusion Matrix": [608, 134, 69, 196]}