,Contract_Month-to-month,PaymentMethod_Mailed check,OnlineSecurity_No,TechSupport_No,Monthly/Total_Charges,TotalCharges/tenure,tenure,InternetService_Fiber optic,PaymentMethod_Electronic check,tenure_group,Contract_Two year,InternetService_DSL,OnlineBackup_No,DeviceProtection_No,PaperlessBilling_Yes,Contract_One year,OnlineSecurity_Yes,Dependents_Yes,InternetService_No,SeniorCitizen_1,OnlineSecurity_No internet service,PaymentMethod_Credit card (automatic),Partner_Yes,OnlineBackup_No internet service,DeviceProtection_No internet service,TechSupport_Yes,TotalCharges,TechSupport_No internet service,StreamingTV_No internet service,StreamingMovies_No internet service,MonthlyCharges,PaymentMethod_Bank transfer (automatic),StreamingMovies_No,StreamingTV_No,gender_Male,OnlineBackup_Yes,DeviceProtection_Yes,StreamingMovies_Yes,StreamingTV_Yes,MultipleLines_Yes,MultipleLines_No,PhoneService_Yes,MultipleLines_No phone service
MRMR,42871839.45602863,1892.756051450012,940.5741696008272,889.3083243854721,880.9279585033122,854.7500619451731,815.7541862689892,804.7100183359066,740.4289896243764,716.0923558960864,686.8449208661992,668.2481553327526,566.943027167552,500.83690256562676,478.69229225158364,422.1889672343682,414.12158410944113,391.0434418333668,366.3635134434001,343.94957079859813,333.7360451528917,327.94451049438595,320.75117075383605,312.28345855334715,296.0391735037443,287.9364894404237,286.0374763478617,279.5728594570475,263.20718141343724,249.71279032336028,202.46904147313057,188.5261859528824,142.04679818689354,140.6228914181509,81.40677830921129,63.064497578869414,43.07177821278097,37.781032548713625,34.72157504306167,16.38274402335197,12.205113431555569,0.5200670455015587,0.43244881615171504
